backgroundCompilationEnabled,freqInlineSize,minInliningThreshold,inlineSmallCode,compileThreshold,codeFlushingEnabled,onStackReplacePercentage,loopMinUnroll,counterDecayEnabled,maxInlineLevel,loopUnrollLimit,loopMaxUnroll,maxRecursiveInlineLevel,tieredCompilationEnabled,maxInlineSize,compileHugeMethodsEnabled,graalCompilerEnabled,result
0,50,824,19759,8,0,4,1,1,330,43,332,2,1,93,14,0,129973
0,375,696,44968,10,1,3,0,1,669,66,166,3,1,114,25,1,26545
0,55,1397,32352,6,0,3,1,1,202,75,370,2,1,48,24,0,124314
0,96,1143,42042,6,0,6,1,1,405,34,149,2,0,136,8,0,4912
1,93,601,20144,14,0,3,1,0,750,45,191,3,1,27,19,0,59662
1,249,1207,23365,15,1,6,1,0,461,73,248,0,1,36,12,1,6617
0,144,1791,45186,10,0,5,1,1,986,36,242,3,0,91,22,0,4930
1,113,631,34383,13,1,10,1,0,165,23,150,2,1,61,20,0,59492
0,90,574,19794,10,1,6,0,1,426,28,404,1,1,120,11,1,26962
0,306,1922,10670,13,0,6,0,1,653,20,376,2,0,13,22,1,3671
0,333,1657,11264,6,0,5,1,0,400,79,166,2,0,23,20,1,3911
1,109,1319,17426,5,1,4,1,0,727,54,428,2,0,119,22,1,4208
0,71,837,28713,8,1,6,0,0,313,30,475,1,0,54,6,1,4110
1,339,1726,7427,6,0,9,0,0,264,51,477,3,0,17,6,0,5739
0,400,608,44001,8,1,7,1,1,273,32,280,0,1,138,11,0,100569
0,71,1386,21365,6,0,5,0,1,627,49,376,0,1,82,10,1,19809
1,344,1648,47316,13,0,10,1,0,262,54,345,1,1,106,21,1,10018
0,173,1583,41931,9,0,5,1,1,864,52,225,3,1,55,8,1,13259
1,102,1766,31910,7,1,8,0,1,377,41,388,2,1,108,21,0,59651
1,192,1142,4223,15,0,8,1,0,650,28,195,1,1,111,17,1,9739
1,137,1978,30941,7,1,6,1,0,306,69,294,1,0,59,20,1,3625
0,218,959,10422,9,1,8,0,1,287,72,141,0,0,104,8,1,4354
1,194,1775,22711,6,0,5,0,1,459,60,418,3,0,140,20,1,4234
1,264,1740,36641,14,1,10,1,0,659,56,336,0,0,57,16,1,3419
1,374,1769,45695,12,0,3,1,0,680,36,134,3,0,66,16,1,3509
1,131,1753,39438,12,1,4,0,0,957,39,348,3,0,68,9,1,3924
1,305,1900,42939,14,0,2,1,0,645,64,103,1,0,89,13,1,4005
1,323,1441,35916,15,0,6,1,1,314,65,258,0,0,40,15,1,3817
1,346,1860,16076,12,1,8,1,1,765,33,467,2,0,58,18,1,3984
0,360,1478,37783,13,1,10,1,0,932,52,447,1,0,55,22,1,4102
1,161,1745,34743,7,1,8,1,0,618,58,312,0,0,59,24,1,3608
1,255,1774,35771,8,1,9,0,0,593,26,144,0,0,30,25,1,3614
1,359,1725,42575,13,1,9,1,0,640,62,173,0,0,82,17,1,3568
0,226,1960,34314,15,1,8,1,0,843,23,299,0,0,111,16,1,4163
1,200,1634,40070,10,1,10,0,0,592,48,206,0,0,76,16,1,4065
1,133,1784,25560,5,1,5,1,0,554,51,360,1,0,60,16,1,3498
1,276,1604,35240,6,1,7,1,0,365,45,233,2,0,64,15,1,3605
1,86,1740,47343,15,1,9,1,0,973,55,385,0,0,58,26,1,4045
1,371,1583,31719,7,1,2,1,1,620,28,336,1,0,48,16,1,3553
1,137,1578,24369,8,1,6,1,0,616,33,339,0,0,34,11,1,3714
1,331,1394,31954,12,1,9,1,0,166,58,289,2,0,66,12,1,3949
1,253,1765,40216,15,1,3,1,0,498,42,169,2,0,49,16,1,3781
1,355,1637,25727,5,1,9,1,1,449,79,338,1,0,87,14,1,4129
1,222,1927,43269,5,0,7,1,1,590,22,311,1,0,52,16,1,3558
1,245,665,49299,5,1,4,1,1,441,32,348,1,0,45,20,1,3710
1,340,1702,1421,6,1,7,1,0,634,28,354,3,0,75,26,1,3667
1,373,1813,37137,9,0,3,1,0,728,56,330,0,0,23,21,1,3802
1,195,1740,1560,5,0,7,1,1,671,35,334,1,0,87,18,1,3931
1,97,1714,25161,15,1,8,1,0,258,58,365,1,0,62,16,1,3691
1,354,1258,4909,5,1,4,1,0,676,55,309,0,0,27,16,1,3809
1,373,1937,33178,7,1,7,1,1,687,73,249,1,0,72,16,1,4008
1,138,1889,48608,6,0,10,0,0,411,38,189,1,0,60,15,1,3552
1,59,567,30395,7,0,10,0,0,596,35,470,1,0,62,16,1,3827
1,87,1852,23571,5,1,9,0,0,677,51,264,1,0,63,25,1,3624
1,264,1972,26109,13,0,8,1,0,704,76,130,0,0,53,20,1,3618
1,292,1756,12357,14,1,10,0,0,573,52,293,0,0,59,18,1,4020
1,147,1778,45498,6,1,10,1,0,540,40,251,0,0,82,26,1,3964
1,260,1839,45452,7,1,6,0,0,160,76,320,0,0,60,17,1,3340
1,173,1312,44785,6,1,4,0,0,278,75,300,0,0,48,16,1,3267
1,235,678,49704,5,1,10,0,0,217,50,257,0,0,37,25,1,3595
1,160,943,48273,8,0,10,0,0,254,27,384,0,0,49,25,1,3516
1,242,1768,47204,6,1,9,0,0,206,76,461,0,0,63,6,1,3987
1,343,1213,48395,5,1,5,0,0,232,55,208,1,0,68,19,1,3544
1,330,1312,34877,7,1,3,0,1,203,68,305,2,0,66,23,1,3553
1,373,867,47795,7,1,6,0,0,227,67,238,0,0,45,7,1,3734
1,182,1411,42292,8,1,5,0,0,285,77,121,0,0,26,13,1,3783
1,147,730,43534,5,1,4,0,1,156,45,100,1,0,71,18,1,3765
1,69,1036,19552,7,0,9,0,0,258,75,300,1,0,71,17,1,4059
1,386,1510,44579,11,1,5,0,0,240,54,451,2,0,69,24,1,4181
1,335,1942,31668,5,1,3,0,0,627,63,402,0,0,54,20,1,3866
1,204,1818,47077,6,0,5,0,0,200,38,412,2,0,58,22,1,3809
1,119,917,44172,6,1,5,1,0,343,74,324,0,0,65,19,1,3967
1,73,628,32736,5,1,7,0,1,848,57,323,2,0,58,16,1,3913
1,108,1663,27735,5,1,2,0,0,193,59,374,0,0,23,25,1,3757
1,231,1725,49725,9,0,2,0,0,172,23,313,0,0,60,23,1,3633
1,223,922,47092,12,0,7,1,0,391,79,183,0,0,47,17,1,3744
1,376,1172,49244,6,1,3,0,0,169,60,248,0,0,47,14,1,3496
1,127,1435,44935,9,1,6,0,0,659,77,189,0,0,51,9,1,3801
1,114,1942,23285,7,1,5,1,0,499,61,254,3,1,42,17,1,7134
0,326,1291,19833,6,1,2,1,1,451,38,468,0,1,88,24,1,20503
1,58,1545,42589,14,0,3,0,1,300,54,328,0,1,26,21,1,6821
1,363,1494,46736,15,1,5,0,0,382,71,307,0,0,68,19,1,3702
1,278,582,34108,5,0,7,0,0,487,78,278,1,0,63,16,1,3764
1,244,1777,45818,7,0,6,1,0,238,38,401,0,0,51,16,1,4194
1,108,724,44985,7,1,8,0,0,237,79,318,1,0,23,24,1,3666
1,73,1509,45728,6,1,4,0,0,243,45,327,1,0,19,17,1,3732
1,275,1849,44325,15,1,9,0,0,230,80,221,3,0,54,26,1,3801
1,245,1856,42479,6,0,3,1,0,499,80,279,0,0,55,13,1,4026
1,313,1221,46930,6,0,2,0,0,389,74,372,0,0,48,15,1,3729
1,306,1484,44492,8,1,3,1,0,294,26,313,1,0,59,15,1,4127
1,370,1201,46557,7,1,5,0,1,196,75,206,0,0,61,24,1,3548
1,371,1479,35706,7,1,10,1,0,601,60,313,1,0,60,14,1,4011
1,397,1912,48618,5,0,6,0,0,248,51,307,0,0,90,24,1,4071
1,319,1207,43061,6,1,3,0,1,697,41,306,0,0,38,22,1,3839
1,376,1611,40239,8,1,4,0,0,246,76,319,0,0,50,20,1,3737
1,209,1174,37750,9,1,5,0,1,221,80,127,0,0,47,17,1,3685
1,224,1823,46293,10,1,4,1,1,619,52,262,2,0,66,16,1,4019
1,98,1285,46655,5,1,10,0,0,257,28,259,0,0,49,24,1,3601
1,178,1687,49023,14,1,2,0,1,165,62,372,0,0,60,14,1,3658
1,264,1152,46829,6,1,9,0,0,281,22,146,0,0,82,8,1,3574
1,216,1678,33422,8,0,9,1,1,894,22,311,1,0,59,16,1,3615
1,392,620,43928,5,1,5,0,0,203,61,132,0,0,87,17,1,3924
1,266,1215,47753,9,0,2,0,1,171,70,236,0,0,67,20,1,3582
1,83,1986,44855,7,0,5,0,0,262,30,315,1,0,56,15,1,4086
1,162,1710,40844,6,1,6,0,0,257,45,294,3,0,48,14,1,3786
1,129,1643,45222,6,1,6,0,0,361,27,224,0,0,46,18,1,3223
1,213,1937,7123,6,0,9,0,0,336,22,160,0,0,40,6,1,3659
1,197,1242,39110,5,1,3,0,1,413,22,119,0,0,44,17,1,3620
1,337,1334,49031,5,1,8,0,1,302,26,198,0,0,72,18,1,3600
1,167,544,45223,5,0,4,0,1,289,22,102,0,0,23,20,1,3505
1,119,1447,36932,5,1,5,0,0,774,25,169,0,0,85,18,1,3797
1,199,1917,46001,10,1,10,0,1,203,23,227,0,0,86,19,1,4145
1,56,1455,46684,10,0,10,0,1,301,32,218,0,0,62,19,1,3939
1,145,1415,46443,6,0,3,0,0,621,35,232,0,0,56,15,1,3749
1,139,1668,43275,14,1,7,0,1,556,23,369,0,0,48,18,1,3838
1,162,1912,45044,6,0,5,0,0,288,23,152,1,0,34,10,1,3876
1,168,1785,45355,6,0,5,0,0,255,53,174,0,0,49,25,1,3609
1,191,1674,34075,7,1,6,0,0,239,80,282,0,0,65,9,1,3903
1,84,1880,48576,7,0,9,1,0,226,24,348,0,0,51,19,1,3569
1,291,1926,42575,8,0,8,1,0,226,51,292,0,0,48,19,1,3640
1,373,1703,41786,6,1,6,1,0,149,25,224,3,0,66,24,1,3511
1,159,896,49156,7,0,2,1,0,241,25,131,1,0,55,19,1,3448
1,141,918,9031,6,1,6,0,0,412,24,283,1,0,51,22,1,4053
1,245,1686,45451,8,1,7,0,0,327,63,333,0,0,46,18,1,4008
1,66,1753,43448,7,1,6,1,0,362,29,202,0,0,42,22,1,4108
1,165,1349,45629,5,1,4,0,0,155,30,193,0,0,56,10,1,4149
1,289,1342,31701,6,0,3,1,1,158,39,294,0,0,37,18,1,3660
1,167,1984,43695,8,1,10,1,1,246,21,186,2,0,14,16,1,3512
1,241,659,35304,12,1,6,0,0,268,20,234,0,0,63,25,1,4014
1,143,1612,44324,5,1,7,0,1,180,78,204,2,0,61,24,1,4027
1,215,1398,35518,6,1,5,1,0,185,68,227,0,0,26,18,1,3772
1,103,1834,12567,8,0,4,0,0,254,26,265,0,0,11,26,1,4167
1,128,768,21670,13,0,4,0,0,195,30,118,3,0,52,15,1,3755
1,162,1900,28122,7,1,6,0,1,569,48,190,0,0,55,18,1,4023
1,354,708,45004,6,0,10,1,0,262,21,341,3,0,70,17,1,3452
1,158,1991,22366,7,1,7,0,0,211,29,307,0,0,43,18,1,4400
1,161,1447,36409,6,0,6,0,0,331,33,299,2,0,48,26,1,4024
1,313,1855,43448,5,0,6,1,0,816,26,154,3,0,79,17,1,3969
1,77,1093,49532,13,0,5,1,0,271,28,248,3,0,83,22,1,3903
1,185,1898,19320,8,0,9,1,1,245,22,358,1,0,21,12,1,4105
1,196,1571,45480,8,1,7,1,1,376,29,354,0,0,48,16,1,3497
1,160,1922,24954,15,1,10,1,1,279,35,221,0,0,21,25,1,3740
1,70,1256,44290,6,1,8,0,0,267,21,104,2,0,45,23,1,3783
1,89,1639,29129,7,1,8,1,1,520,21,349,3,0,43,19,1,3443
1,135,1484,24973,8,1,7,1,1,496,21,327,3,0,47,25,1,4118
1,87,1672,37511,8,1,6,1,1,299,23,140,3,0,18,25,1,3910
1,183,1159,49199,9,0,2,0,0,189,52,426,2,0,58,21,1,3724
1,111,1837,26709,8,1,8,1,0,271,39,366,1,0,49,23,1,3521
1,178,1727,41065,7,1,10,1,0,746,28,356,1,0,13,15,1,3607
1,382,1792,47163,5,1,2,0,0,462,68,240,0,0,17,18,1,3562
1,288,1656,41931,5,1,4,1,0,419,77,242,0,0,54,17,1,4015
1,347,946,46705,9,0,4,1,0,272,42,267,2,0,69,18,1,3932
1,125,1931,49001,15,1,6,1,0,685,28,264,0,0,28,20,1,3924
1,134,1776,37232,7,0,8,1,1,465,24,294,2,0,44,14,1,3620
1,124,1887,46990,5,1,7,0,1,646,26,296,1,0,27,26,1,4369
1,200,1797,45003,7,1,10,1,0,274,29,332,2,0,33,18,1,3289
1,177,936,31323,9,1,10,1,1,261,54,353,1,0,25,25,1,3729
1,290,652,44169,7,1,10,1,1,165,33,360,0,0,55,17,1,3627
1,121,1773,44707,15,1,9,1,1,382,38,350,3,0,38,22,1,3772
1,288,1765,43834,13,0,10,0,0,400,29,220,3,0,42,19,1,3803
1,142,1722,43949,7,1,9,1,0,621,31,401,2,0,18,19,1,3262
1,231,1810,48812,6,1,10,1,0,796,29,171,3,0,10,11,1,3657
1,52,1807,46311,5,1,10,1,0,265,49,232,3,0,34,22,1,4096
1,155,1857,46071,5,1,7,1,1,669,25,392,2,0,67,18,1,3569
1,255,1621,46775,5,1,9,1,1,943,61,382,0,0,37,21,1,3603
1,289,1563,43899,7,1,6,1,0,539,30,397,2,0,17,16,1,3838
1,155,1826,44712,7,0,7,0,1,367,21,282,1,0,17,19,1,3222
1,380,1944,43220,8,0,10,1,0,582,20,327,3,0,34,21,1,3565
1,243,1385,40225,6,1,8,1,0,712,33,367,3,0,11,20,1,3910
1,370,1704,45963,7,1,9,1,1,374,26,360,3,0,53,16,1,4055
1,169,1933,43983,5,1,5,1,0,337,20,150,3,0,19,20,1,3848
1,135,1288,47079,8,1,8,1,0,505,53,220,1,0,11,19,1,3804
1,153,1652,39130,7,1,10,1,1,628,20,312,1,0,17,23,1,3774
1,119,1845,28448,8,1,10,1,0,344,27,427,2,0,36,17,1,3748
1,367,1885,46963,11,1,6,0,1,793,20,177,2,0,20,18,1,3877
1,193,1699,46972,5,1,6,0,0,253,75,417,0,0,20,16,1,3704
1,242,1866,43000,7,0,6,0,1,732,23,483,1,0,16,16,1,3690
1,352,1881,33162,7,0,2,1,1,789,25,195,3,0,65,23,1,3611
1,281,1344,44709,6,1,3,0,0,397,23,167,1,0,29,20,1,3308
1,139,541,33114,7,1,8,0,0,399,25,402,0,0,40,16,1,3656
1,144,1456,35580,7,1,9,1,0,627,27,261,3,0,24,18,1,4047
1,109,1422,39736,6,1,5,1,0,911,21,164,1,0,56,19,1,3732
1,142,1426,47158,6,1,8,0,1,907,32,251,0,0,17,17,1,3712
1,221,1844,45430,8,0,7,1,1,682,21,186,2,0,41,19,1,3572
1,155,1665,49067,8,1,9,1,0,774,25,429,2,0,75,18,1,4115
1,129,1081,46236,7,1,4,0,0,965,54,380,0,0,33,17,1,3877
1,103,1735,43606,7,0,10,1,0,947,39,240,2,0,13,23,1,4129
1,155,1605,45839,7,1,9,0,0,285,35,458,1,0,46,20,1,3798
1,305,1079,44715,7,1,2,1,1,292,23,193,0,0,58,24,1,3997
1,220,1537,44386,7,1,2,1,0,569,23,355,2,0,13,20,1,3745
1,242,1865,45257,7,0,9,1,0,178,34,108,2,0,26,18,1,3769
1,117,1880,37472,5,0,5,0,0,312,27,144,0,0,17,19,1,3605
1,111,1829,43854,10,1,5,0,1,382,21,317,0,0,60,19,1,3275
1,366,1384,44531,13,1,2,0,1,472,24,472,1,0,34,17,1,3244
1,365,1969,49942,7,0,10,0,1,321,30,455,1,0,11,20,1,3657
1,205,1810,45166,13,0,4,1,1,311,21,410,1,0,59,15,1,3821
1,122,1887,41490,5,0,6,0,0,650,21,404,0,0,38,21,1,3861
1,340,1314,31258,9,1,3,0,1,399,21,202,1,0,58,19,1,3612
1,391,1369,44918,5,1,2,0,0,215,27,326,3,0,49,17,1,4093
1,294,1385,49668,14,0,6,0,1,371,21,435,0,0,52,23,1,4087
