minInliningThreshold,codeFlushingEnabled,loopMinUnroll,loopUnrollLimit,loopMaxUnroll,compileHugeMethodsEnabled,tieredCompilationEnabled,result
257,0,8,20,45,0,1,765
222,0,4,79,34,0,1,764
298,1,33,60,42,1,0,1525
486,0,35,79,25,0,0,1523
215,1,40,13,8,0,0,1531
50,0,4,73,18,0,0,1525
272,1,16,49,39,0,1,757
151,1,20,87,15,1,1,762
377,0,27,76,44,1,0,1535
276,1,9,26,27,0,1,765
181,1,29,35,25,1,0,1529
206,0,48,93,12,0,0,1532
322,1,42,79,21,0,1,757
132,1,27,45,16,1,1,764
299,0,16,17,28,1,0,1527
39,0,8,90,20,0,0,1533
164,0,21,34,18,0,0,1535
98,1,19,62,19,1,1,765
288,0,21,42,13,1,1,766
366,1,39,23,39,1,0,1532
420,1,27,92,49,0,1,766
278,1,33,68,21,0,1,769
457,1,3,48,36,0,1,760
348,1,16,72,30,0,1,765
283,1,42,48,42,0,1,765
323,1,40,91,23,0,1,765
492,1,41,81,6,0,1,765
53,1,17,51,38,0,1,767
348,1,41,78,27,0,1,755
380,1,46,81,36,0,1,765
320,1,44,78,22,1,1,766
320,1,39,79,19,0,1,766
364,1,44,78,26,0,1,766
408,1,41,75,28,0,1,764
351,1,42,67,29,0,1,759
350,1,39,52,32,0,1,764
345,1,42,87,23,0,1,768
338,1,41,62,33,0,1,765
290,1,42,54,27,0,1,764
196,1,41,79,31,0,1,763
371,1,42,74,7,0,1,765
363,1,50,78,27,0,1,764
318,1,16,35,39,0,1,765
226,1,42,77,27,0,1,757
253,1,37,81,26,0,1,768
182,1,42,73,25,0,1,753
169,1,43,75,24,0,1,765
45,1,44,69,25,0,1,763
64,1,43,78,26,0,1,764
187,1,42,66,17,0,1,767
230,1,42,72,30,0,1,768
211,1,42,72,27,1,1,760
181,1,42,66,23,0,1,757
234,1,41,73,27,0,1,763
167,1,40,81,23,0,1,758
169,1,40,55,20,0,1,766
142,1,42,78,25,0,1,754
195,0,40,72,25,0,1,762
162,1,42,83,23,0,1,755
27,1,42,74,23,1,1,764
189,0,42,76,24,1,1,754
188,0,41,83,22,1,1,765
104,0,42,81,24,0,1,762
158,0,42,94,26,0,1,766
172,1,32,71,25,0,1,763
161,1,42,89,22,0,1,765
199,1,42,71,25,0,1,765
164,1,41,84,23,1,1,768
61,1,42,80,24,0,1,761
189,1,42,73,21,1,1,756
133,1,42,72,26,1,1,761
189,1,40,76,26,1,1,759
182,1,44,75,25,0,1,763
218,1,41,73,24,1,1,766
177,1,42,73,29,1,1,765
172,1,43,78,25,0,1,765
230,0,42,79,25,1,1,765
159,1,42,65,25,0,1,765
180,1,40,74,25,0,1,771
156,1,42,76,6,0,1,767
123,1,42,75,21,0,1,766
143,0,42,86,24,1,1,763
200,0,42,69,25,0,1,765
143,1,42,86,25,0,1,770
158,1,40,81,26,0,1,765
222,1,42,72,24,0,1,763
182,0,12,77,23,0,1,764
160,0,41,76,24,1,1,756
28,0,44,77,24,1,1,770
183,0,41,74,49,1,1,765
133,0,42,64,24,1,1,768
190,0,42,78,31,1,1,767
137,0,37,76,25,1,1,765
324,0,42,73,23,1,1,778
170,0,43,67,24,1,1,755
172,0,48,66,25,1,1,756
164,0,48,49,24,1,1,768
170,0,44,59,22,1,1,757
172,0,47,69,25,1,1,756
197,0,45,60,22,1,1,765
