backgroundCompilationEnabled,freqInlineSize,minInliningThreshold,inlineSmallCode,graalBootstrapEnabled,compileThreshold,codeFlushingEnabled,onStackReplacePercentage,loopMinUnroll,counterDecayEnabled,maxInlineLevel,loopUnrollLimit,loopMaxUnroll,maxRecursiveInlineLevel,tieredCompilationEnabled,maxInlineSize,compileHugeMethodsEnabled,graalCompilerEnabled,result
1,53,504,1,11019,14,0,4,0,0,259,28,327,2,0,94,22,1,4021
1,134,1143,1,29586,6,0,9,0,1,311,20,312,2,1,21,10,1,4959
0,196,509,0,44039,14,1,5,0,1,941,40,398,1,1,15,12,1,10342
1,346,528,1,25792,14,1,4,1,0,397,67,402,1,1,24,6,1,5907
1,145,1320,1,38953,14,1,8,1,1,230,79,315,2,0,149,14,0,4805
0,307,1772,0,14352,14,0,7,1,0,459,62,468,2,0,116,8,0,4202
1,187,1747,0,10375,15,0,4,1,0,546,39,313,0,1,14,18,0,59463
0,182,605,0,21681,14,1,9,1,1,288,30,366,2,1,68,9,0,120026
0,361,1097,1,6613,6,1,9,0,0,287,71,331,0,0,57,20,0,4227
0,142,1371,0,46786,6,1,5,1,0,966,72,337,0,0,133,23,0,4996
1,157,1198,1,34540,6,1,8,1,0,686,46,164,1,1,105,23,1,12041
0,330,1514,0,38095,11,1,9,1,0,178,43,134,0,0,137,16,0,4555
0,400,1087,0,9188,14,0,9,0,0,383,20,351,2,0,34,11,0,4084
1,217,537,0,6916,9,0,5,1,1,903,22,427,3,0,32,10,1,3173
1,53,1713,0,26799,8,1,9,1,1,919,24,420,3,1,142,26,0,59698
1,355,571,1,32604,7,0,6,0,0,826,52,486,0,1,131,23,1,14370
1,155,1643,0,35217,12,1,4,1,1,286,77,336,3,1,23,12,1,7094
1,186,1769,1,12337,7,1,10,0,1,348,29,470,1,1,133,13,1,15147
0,279,870,1,25389,8,0,8,0,1,242,67,302,3,1,28,6,1,5873
0,281,1591,0,5391,5,0,6,0,1,984,21,432,0,0,101,11,0,3854
0,222,1271,1,31384,7,0,3,0,0,487,72,478,3,1,41,7,1,6159
0,108,1706,0,12178,5,0,6,1,0,796,27,481,2,0,53,19,0,4593
1,125,653,0,20534,8,0,6,0,0,314,37,333,2,1,56,7,1,8029
0,162,1981,1,15550,5,0,10,0,0,193,43,445,0,1,29,19,1,5517
0,321,716,1,28740,6,0,10,1,0,349,75,182,0,1,57,16,1,6383
1,224,574,1,4866,5,1,2,1,1,218,21,435,3,0,72,7,0,7159
1,183,1648,1,25549,6,1,5,0,0,363,79,275,2,1,72,10,1,9556
0,237,1851,1,16642,14,0,9,1,1,231,39,192,1,1,21,19,1,5605
0,133,666,1,6409,11,0,2,1,0,848,20,200,3,0,64,8,1,3766
1,107,1698,1,15890,6,0,9,0,1,740,36,278,2,1,15,19,1,5211
0,127,847,0,2344,8,0,5,1,0,245,26,207,3,0,97,24,1,4023
1,96,1673,1,22907,7,0,5,0,1,521,22,459,3,0,145,13,1,4838
0,255,1577,1,36483,14,0,7,1,1,901,25,490,1,0,106,23,1,4502
0,76,500,0,42512,13,0,4,0,1,967,21,165,0,0,92,7,1,4158
1,350,529,0,1091,14,0,3,1,1,599,38,105,3,0,138,14,1,4407
1,304,670,1,7150,10,0,7,1,0,972,70,210,1,0,93,7,1,3979
0,50,1915,1,20022,8,0,9,1,1,993,70,404,3,1,78,14,1,8521
1,323,1060,1,39585,5,0,10,1,1,912,41,479,1,1,45,19,1,6563
1,92,713,1,42796,13,0,6,0,0,867,39,440,0,1,20,14,1,4904
1,291,1918,0,17744,8,0,4,0,0,931,64,474,2,1,20,23,1,7638
1,89,1879,1,18990,11,1,5,0,1,563,22,252,0,1,18,22,1,5043
1,344,1322,1,26038,6,1,6,0,0,601,24,366,1,1,13,24,1,5175
1,230,1690,1,35675,5,1,6,0,1,346,28,409,3,1,17,23,1,4927
1,116,1826,0,1988,8,1,10,1,1,857,35,389,3,0,30,10,1,3755
1,221,1302,1,40774,10,1,6,0,1,504,31,349,3,1,33,21,1,5567
1,204,1184,1,17461,7,1,7,0,0,387,45,481,0,1,49,20,1,6787
1,387,559,1,39756,7,0,7,0,0,987,25,453,0,1,19,18,1,5299
1,66,661,1,10744,6,1,9,0,0,566,38,238,1,1,10,11,1,4519
1,57,1569,1,45517,14,1,7,0,1,587,20,453,0,1,56,17,1,6585
1,178,1174,1,48533,7,1,7,0,1,885,48,332,2,1,10,24,1,4954
1,60,703,1,33723,11,1,7,0,1,899,58,467,1,1,18,13,1,4587
1,98,1442,1,40556,14,1,7,0,1,817,46,478,1,1,65,26,1,8368
1,78,523,1,43672,6,1,7,0,0,285,50,424,3,1,29,10,1,5899
0,62,531,1,42060,6,1,10,0,0,968,42,447,2,1,19,9,1,5613
1,195,585,1,35101,6,1,8,0,0,429,44,369,3,1,28,21,0,23900
0,387,1316,0,44547,6,0,3,1,0,273,77,471,3,1,80,26,0,100160
1,186,693,0,10425,10,1,5,0,1,877,53,242,1,0,34,26,1,3482
0,274,1233,1,8648,5,0,9,0,1,297,66,248,1,1,139,24,0,8945
0,51,1809,0,6535,6,0,8,0,0,216,57,464,2,1,101,6,0,214820
0,52,902,1,4733,10,0,4,1,1,877,72,459,2,0,26,23,1,4681
0,307,544,1,12011,13,0,7,0,1,465,35,208,0,1,77,26,0,7690
1,328,596,0,29812,14,1,10,0,1,911,43,117,1,1,122,18,0,59553
1,204,1801,0,23605,6,0,7,1,0,239,79,279,1,1,75,8,0,59264
1,287,1351,1,19564,10,1,6,1,1,723,45,162,3,1,87,14,0,19776
1,145,1552,1,47804,15,1,4,1,1,633,54,128,3,1,34,10,0,24184
0,200,1873,1,30547,7,0,6,1,0,307,50,257,3,1,135,6,0,7887
0,252,1568,1,48629,8,1,3,1,0,149,43,314,1,1,90,26,0,12192
0,246,1514,0,42910,7,0,4,0,1,182,58,391,2,1,45,17,0,113367
1,318,994,1,32705,13,0,6,1,1,879,28,283,1,1,41,25,1,5807
0,187,1101,1,28618,8,1,10,1,1,905,25,217,0,1,87,24,1,8498
1,224,1993,0,6765,8,1,8,1,1,992,62,498,2,0,26,12,1,4099
0,295,1655,0,24057,9,0,2,0,0,527,28,406,0,1,65,8,0,119703
0,74,1193,1,39815,14,1,6,0,0,565,52,263,0,1,85,14,1,9666
1,260,548,1,36597,15,1,10,0,1,235,46,472,0,1,16,23,1,4948
1,201,632,0,18930,10,0,9,1,1,889,68,312,3,0,31,8,1,3820
1,314,554,0,35400,8,1,2,0,0,289,48,155,3,0,129,10,0,4686
1,151,1812,1,22326,10,1,5,0,1,874,55,182,0,1,18,8,1,4874
0,113,636,1,5081,7,0,2,0,1,617,79,409,1,0,88,9,0,4050
1,200,1976,1,1602,6,0,2,0,1,378,71,276,0,1,45,25,1,5282
1,244,1443,1,21473,14,1,10,0,1,288,32,236,3,1,43,21,1,6772
1,341,1256,1,15601,12,0,2,0,1,678,29,264,0,1,75,11,1,8077
1,145,1686,1,6760,7,0,10,1,1,731,24,475,3,1,55,20,1,6873
1,264,1749,1,6643,10,1,7,0,1,481,20,491,1,1,19,8,1,4725
1,180,1904,1,3068,7,1,4,0,1,815,35,122,0,1,42,11,1,6118
1,80,1848,1,44753,13,1,6,1,0,806,67,428,0,1,15,16,1,5598
1,278,1447,1,49229,10,1,3,0,0,425,71,174,1,1,20,23,1,5033
1,219,1416,1,48705,9,0,5,0,0,259,26,487,1,1,66,7,1,8218
1,182,719,0,37574,9,0,5,0,1,762,34,391,1,0,17,18,1,3335
0,349,666,0,24349,10,0,2,1,1,814,49,493,1,0,22,12,1,3714
1,156,1237,0,29520,9,0,5,0,1,199,29,447,3,0,16,19,1,3782
1,190,630,0,37195,9,0,2,1,0,969,27,128,1,0,30,26,1,3837
1,312,687,1,25070,8,0,6,1,1,443,25,495,0,1,15,15,1,4660
1,324,1337,1,31103,7,0,3,0,1,279,63,479,0,1,13,8,1,5076
1,212,1798,1,8173,14,0,7,1,1,514,78,124,3,1,92,17,1,10804
1,360,1849,1,17888,7,1,6,0,0,977,61,123,2,1,21,14,1,5216
1,305,893,0,17013,15,0,5,1,0,801,36,471,2,0,55,11,1,4155
1,290,1928,1,5288,8,1,10,0,0,954,79,386,3,1,38,20,1,6234
1,305,1941,1,34778,13,0,8,1,1,732,80,492,1,1,10,26,1,4647
0,318,528,0,15070,9,1,7,0,1,941,33,451,3,0,76,16,1,4460
1,223,677,1,13999,9,1,6,0,1,938,24,157,2,0,14,20,1,3857
1,312,596,1,18932,8,0,2,1,1,319,38,403,1,0,26,13,1,3758
1,387,726,1,7563,5,0,10,1,1,760,33,122,3,1,12,18,1,4752
1,259,1742,1,36242,15,0,2,0,0,942,80,317,0,1,49,21,1,7138
0,286,1606,1,40151,5,0,5,1,0,884,79,329,2,1,10,24,1,6082
1,297,729,0,7607,8,1,5,0,1,645,60,351,1,0,53,9,1,3668
1,144,600,0,19357,5,0,5,0,1,305,36,384,3,0,54,25,1,3831
0,228,1216,0,34936,9,1,6,1,1,438,26,471,1,1,71,19,0,104684
0,120,1522,0,5547,9,1,4,0,1,410,32,372,3,1,33,16,0,175993
0,200,581,0,12266,5,1,5,0,1,730,25,381,1,0,18,18,1,3695
0,257,1993,0,22145,15,0,2,0,0,532,55,480,3,1,117,14,1,26022
1,204,916,0,17274,8,0,4,1,0,740,47,285,2,0,128,10,1,3999
0,129,1245,0,17986,12,0,3,1,1,901,27,453,2,1,101,16,1,22517
0,61,573,0,26447,6,1,9,1,1,456,40,284,0,1,49,16,1,12471
1,88,1239,0,21204,13,0,2,1,0,826,28,468,3,1,90,7,1,8296
1,53,1565,0,31308,10,0,3,1,1,968,21,146,3,1,86,25,1,8399
1,196,1617,0,34844,13,0,5,0,1,477,54,449,3,1,94,16,1,8853
0,359,1476,0,24226,15,0,9,1,1,795,39,202,1,1,60,10,1,12096
1,196,1901,0,18969,14,0,2,1,1,284,21,106,0,1,102,13,1,9259
1,288,1098,0,31299,12,1,2,0,0,455,34,484,3,1,99,25,1,9600
0,295,550,1,12086,11,0,7,1,0,723,20,180,3,1,101,18,1,10427
0,202,724,1,40999,6,1,8,1,1,205,32,413,3,1,97,7,1,11118
0,349,1807,1,41934,6,0,10,0,1,577,24,430,0,1,95,17,1,8895
0,172,706,0,3408,8,0,3,0,1,520,21,307,2,1,89,13,1,21639
0,347,880,1,11946,7,1,2,0,0,687,67,484,1,1,76,19,1,8905
1,382,810,0,15044,10,0,4,1,1,672,69,485,3,1,121,10,1,9703
0,278,1713,0,13025,13,0,2,1,1,951,66,476,2,1,30,22,1,12771
0,162,723,1,9490,11,0,2,0,1,388,72,477,0,1,148,16,1,12803
0,185,1349,1,3212,13,0,3,0,1,640,80,413,0,1,109,17,1,9109
1,118,1832,0,47623,7,1,3,0,1,530,26,446,1,1,114,9,1,9661
0,327,1995,0,34343,11,0,5,1,0,934,36,125,0,1,76,21,1,17539
0,377,1240,0,6951,12,0,3,0,0,862,24,420,3,1,14,8,1,10119
0,372,658,0,24089,10,0,2,1,0,173,55,110,2,1,54,9,1,12548
0,228,1073,0,6720,14,0,3,0,1,362,48,464,2,1,45,16,1,12801
0,235,1354,0,13489,13,0,8,0,0,199,36,466,3,1,62,8,1,13171
0,141,1235,0,17427,12,0,4,0,1,568,76,468,1,1,64,10,1,13352
0,237,640,0,47010,15,0,6,0,1,884,24,422,0,0,24,15,1,3711
0,253,1983,0,20906,11,1,5,0,0,355,31,293,3,1,20,14,1,13440
0,363,1015,0,36918,8,1,2,0,0,906,27,316,0,1,83,8,1,16881
1,113,604,1,37947,9,0,6,0,1,786,44,417,1,0,28,16,1,3905
0,124,1236,1,8269,13,0,6,1,1,196,23,353,2,1,16,20,1,5639
1,213,588,1,14254,8,1,2,1,1,657,44,464,0,0,55,22,0,3923
1,297,654,0,39746,9,1,6,1,1,843,52,363,1,0,107,15,0,4749
1,296,1175,0,3595,7,0,2,0,1,461,23,294,3,0,41,7,0,4775
1,63,771,1,1879,5,1,2,0,1,224,22,370,1,0,101,12,0,6195
0,330,617,0,36610,5,0,9,0,1,147,50,356,0,0,113,10,0,4561
1,198,1586,1,10479,14,1,10,0,0,691,30,406,0,0,24,18,0,4161
0,193,1178,1,4128,5,1,7,0,1,825,20,310,3,0,146,12,0,3343
0,111,567,0,10971,5,0,2,0,1,204,21,159,0,0,48,20,0,4004
0,169,925,1,5765,12,1,3,0,1,152,32,350,3,0,96,8,0,4474
1,224,518,1,5358,12,0,2,0,0,808,20,260,3,0,71,7,0,4965
0,142,1187,0,8835,14,1,4,0,1,573,20,318,1,0,43,7,0,4073
1,310,1796,1,2814,5,0,10,0,0,863,21,475,0,0,94,19,0,5072
1,201,721,0,45879,5,1,5,1,1,664,38,450,0,0,56,13,0,4831
1,197,939,1,15205,8,0,2,1,0,150,61,192,1,0,14,25,0,4813
1,242,1816,1,5044,8,1,6,1,1,160,72,431,0,0,115,19,0,5736
0,228,506,1,24180,12,1,3,0,1,811,35,136,2,1,38,18,1,5630
1,122,612,0,4472,6,1,3,0,1,741,46,351,2,0,17,18,0,4153
1,89,1889,0,43856,11,1,5,0,1,866,47,398,1,0,14,9,1,3776
1,160,1481,1,19709,5,1,10,0,1,632,33,444,0,0,50,8,0,4201
1,308,1928,1,1751,5,1,3,0,0,436,21,460,2,0,52,10,0,6324
1,131,1953,1,9241,7,1,2,0,0,667,26,410,2,0,54,26,0,7014
1,166,668,1,5508,11,1,3,1,1,681,34,497,2,0,41,22,0,6522
1,105,595,1,8942,13,1,5,0,1,896,27,153,0,0,63,26,0,4519
1,66,720,1,9496,15,1,2,1,1,571,36,421,0,0,67,11,0,5414
1,382,1588,1,19097,6,1,2,0,0,859,73,490,1,0,35,14,0,4443
1,398,1205,1,27843,5,1,10,0,1,747,41,430,2,0,42,8,0,4105
1,77,1304,0,22324,5,1,10,0,0,525,24,461,2,0,90,7,0,4444
1,376,1133,1,17825,9,1,2,0,1,836,28,431,3,0,128,26,0,4309
1,266,1999,1,16513,7,1,4,0,1,438,50,428,3,0,97,19,0,4210
1,390,1172,1,14947,15,1,2,0,1,874,25,413,2,0,24,14,0,3788
1,244,799,1,27469,7,1,2,0,1,535,29,483,2,0,36,22,0,4110
1,359,1798,0,12424,6,1,4,0,1,403,25,443,3,0,15,17,0,4531
1,146,1799,1,12065,6,1,5,0,1,437,20,441,2,0,53,21,0,4853
1,398,1897,1,20803,13,0,2,0,0,709,33,472,3,0,29,25,0,4097
1,399,1900,1,8270,15,1,7,0,0,192,48,462,2,0,31,15,0,6966
1,96,1831,1,14875,15,1,4,0,0,606,70,411,2,0,112,17,0,4758
0,65,553,1,5101,10,1,8,1,0,938,37,216,3,0,42,6,0,3639
0,357,836,1,5786,6,1,5,1,0,626,24,138,1,0,60,13,1,3804
0,237,1889,1,3249,6,1,7,1,0,572,35,164,1,0,58,6,1,3801
0,349,1649,1,48477,12,1,9,1,0,204,26,117,3,0,11,12,0,4620
0,204,1817,1,7894,9,1,9,0,0,714,28,171,3,0,47,26,0,3934
1,343,1337,1,29989,12,1,2,1,1,200,48,457,1,0,29,26,1,3690
0,182,1950,1,10203,5,1,6,1,1,837,24,385,3,0,43,12,0,5188
0,365,1325,1,3876,11,0,9,0,1,198,36,375,1,0,30,22,0,4118
0,393,1925,1,7027,11,0,8,0,1,654,28,258,2,0,32,16,0,3607
1,102,946,1,7856,8,1,9,0,0,390,58,355,3,0,24,13,1,3682
0,345,1417,1,7123,14,1,2,1,1,206,48,390,2,0,51,9,1,4421
1,235,831,1,11330,5,1,2,0,1,920,79,288,3,0,17,12,0,3758
1,206,1874,1,1935,5,1,2,1,0,419,27,377,2,0,68,7,1,3296
1,126,1216,1,4935,7,1,7,0,0,988,56,425,3,0,114,16,1,4336
1,336,668,1,9298,14,1,5,0,1,963,49,130,2,0,30,11,0,4852
1,368,696,1,37982,8,0,2,0,1,263,28,137,2,0,94,9,0,4772
1,232,1216,1,11263,14,0,5,1,1,685,28,469,1,0,30,14,0,4154
1,301,673,1,12940,5,1,2,1,1,640,32,135,1,0,57,26,0,3910
1,390,1665,1,3169,7,1,2,1,0,169,69,104,3,0,47,13,1,3549
0,149,1213,1,19036,14,0,2,0,1,742,26,144,2,0,18,25,0,3842
1,309,557,1,8090,5,0,3,1,1,670,40,312,3,0,69,20,0,4777
1,92,1932,1,14134,10,0,2,1,1,853,43,209,2,0,90,20,0,4163
0,88,670,1,8936,12,1,5,0,0,683,79,478,2,0,50,24,0,5086
0,77,1455,1,1076,5,1,7,0,1,973,37,359,1,0,61,26,0,4984
